{
  "capital": 10000.0,
  "cumulative_pnl": 33.87479782678916,
  "peak_equity": 10039.29609448164
}